{"cameraMode":{"drawMode":0,"name":"Shaded","section":"Shading Mode"},"sceneLighting":false,"audioPlay":false,"sceneViewState":{"showFog":true,"showMaterialUpdate":false,"showSkybox":false,"showFlares":true,"showImageEffects":true,"showParticleSystems":true},"in2DMode":false,"pivot":{"x":-27.908720016479493,"y":5.975645542144775,"z":-1.9814605712890626},"rotation":{"x":-0.6625099182128906,"y":-0.05223899707198143,"z":0.046364832669496539,"w":-0.7458223104476929},"size":26.8367977142334,"orthographic":false}