{"cameraMode":{"drawMode":0,"name":"Shaded","section":"Shading Mode"},"sceneLighting":false,"audioPlay":false,"sceneViewState":{"showFog":true,"showMaterialUpdate":false,"showSkybox":false,"showFlares":true,"showImageEffects":true,"showParticleSystems":true},"in2DMode":false,"pivot":{"x":-32.90618133544922,"y":-16.024612426757814,"z":-0.5178823471069336},"rotation":{"x":-0.6633492112159729,"y":0.05637210234999657,"z":-0.050265297293663028,"w":-0.7445214986801148},"size":41.34016418457031,"orthographic":false}