{"cameraMode":{"drawMode":0,"name":"Shaded","section":"Shading Mode"},"sceneLighting":false,"audioPlay":false,"sceneViewState":{"showFog":true,"showMaterialUpdate":false,"showSkybox":false,"showFlares":true,"showImageEffects":true,"showParticleSystems":true},"in2DMode":false,"pivot":{"x":2.2710399627685549,"y":5.975646018981934,"z":1.3764114379882813},"rotation":{"x":-0.6625099182128906,"y":-0.05223899707198143,"z":0.046364832669496539,"w":-0.7458223104476929},"size":28.381290435791017,"orthographic":false}