{"cameraMode":{"drawMode":0,"name":"Shaded","section":"Shading Mode"},"sceneLighting":false,"audioPlay":false,"sceneViewState":{"showFog":true,"showMaterialUpdate":false,"showSkybox":false,"showFlares":true,"showImageEffects":true,"showParticleSystems":true},"in2DMode":false,"pivot":{"x":1.2012310028076172,"y":5.975646018981934,"z":1.7515954971313477},"rotation":{"x":-0.560429573059082,"y":0.007186785340309143,"z":-0.004900010302662849,"w":-0.8281950950622559},"size":27.179426193237306,"orthographic":false}