{"cameraMode":{"drawMode":0,"name":"Shaded","section":"Shading Mode"},"sceneLighting":false,"audioPlay":false,"sceneViewState":{"showFog":true,"showMaterialUpdate":false,"showSkybox":false,"showFlares":true,"showImageEffects":true,"showParticleSystems":true},"in2DMode":false,"pivot":{"x":-27.908720016479493,"y":5.975645542144775,"z":-1.9814605712890626},"rotation":{"x":-0.6633492112159729,"y":0.05637210234999657,"z":-0.050265297293663028,"w":-0.7445214986801148},"size":26.8367977142334,"orthographic":false}