{"cameraMode":{"drawMode":0,"name":"Shaded","section":"Shading Mode"},"sceneLighting":true,"audioPlay":false,"sceneViewState":{"showFog":true,"showMaterialUpdate":false,"showSkybox":true,"showFlares":true,"showImageEffects":true,"showParticleSystems":true},"in2DMode":false,"pivot":{"x":-65.07646942138672,"y":-548.357666015625,"z":363.1477355957031},"rotation":{"x":-0.462003618478775,"y":0.08595094829797745,"z":-0.045068737119436267,"w":-0.8815974593162537},"size":466.8731384277344,"orthographic":false}