{"cameraMode":{"drawMode":0,"name":"Shaded","section":"Shading Mode"},"sceneLighting":false,"audioPlay":false,"sceneViewState":{"showFog":true,"showMaterialUpdate":false,"showSkybox":false,"showFlares":true,"showImageEffects":true,"showParticleSystems":true},"in2DMode":false,"pivot":{"x":-0.9483366012573242,"y":5.975645542144775,"z":1.0902843475341797},"rotation":{"x":-0.560429573059082,"y":0.007186785340309143,"z":-0.004900010302662849,"w":-0.8281950950622559},"size":29.94460678100586,"orthographic":false}